1,  AK,House,Republican,At-Large,Donald Young,https://votesmart.org/candidate/26717/donald-young
2,  AK,Senate,Republican,Junior,Dan Sullivan,https://votesmart.org/candidate/114964/dan-sullivan
3,  AK,Senate,Republican,Senior,Lisa Murkowski,https://votesmart.org/candidate/15841/lisa-murkowski
4,  AL,House,Democrat,District 7,Terri Sewell,https://votesmart.org/candidate/121621/terri-sewell
5,  AL,House,Republican,District 1,Bradley Byrne,https://votesmart.org/candidate/27584/bradley-byrne
6,  AL,House,Republican,District 2,Martha Roby,https://votesmart.org/candidate/71604/martha-roby
7,  AL,House,Republican,District 3,Mike Rogers,https://votesmart.org/candidate/5705/mike-rogers
8,  AL,House,Republican,District 4,Robert Aderholt,https://votesmart.org/candidate/441/robert-aderholt
9,  AL,House,Republican,District 5,Mo Brooks,https://votesmart.org/candidate/121610/mo-brooks
10, AL,House,Republican,District 6,Gary Palmer,https://votesmart.org/candidate/146274/gary-palmer
11, AL,Senate,Democrat,Junior,Doug Jones,https://votesmart.org/candidate/176464/doug-jones
12, AL,Senate,Republican,Senior,Richard Shelby,https://votesmart.org/candidate/53266/richard-shelby
13, AR,House,Republican,District 1,Rick Crawford,https://votesmart.org/candidate/119208/rick-crawford
14, AR,House,Republican,District 2,French Hill,https://votesmart.org/candidate/146290/french-hill
15, AR,House,Republican,District 3,Steve Womack,https://votesmart.org/candidate/71815/steve-womack
16, AR,House,Republican,District 4,Bruce Westerman,https://votesmart.org/candidate/119120/bruce-westerman
17, AR,Senate,Republican,Junior,Tom Cotton,https://votesmart.org/candidate/135651/tom-cotton
18, AR,Senate,Republican,Senior,John Boozman,https://votesmart.org/candidate/27958/john-boozman
19, AS,House,Republican,At-Large,Aumua Amata Radewagen,https://votesmart.org/candidate/128380/aumua-amata-radewagen
20, AZ,House,Democrat,District 1,Tom O'Halleran,https://votesmart.org/candidate/28499/tom-ohalleran
21, AZ,House,Democrat,District 2,Ann Kirkpatrick,https://votesmart.org/candidate/28425/ann-kirkpatrick
22, AZ,House,Democrat,District 3,Raul Grijalva,https://votesmart.org/candidate/28253/raul-grijalva
23, AZ,House,Democrat,District 7,Ruben Gallego,https://votesmart.org/candidate/123732/ruben-gallego
24, AZ,House,Democrat,District 9,Greg Stanton,https://votesmart.org/candidate/72030/greg-stanton
25, AZ,House,Republican,District 4,Paul Gosar,https://votesmart.org/candidate/123491/paul-gosar
26, AZ,House,Republican,District 5,Andy Biggs,https://votesmart.org/candidate/28088/andy-biggs
27, AZ,House,Republican,District 6,David Schweikert,https://votesmart.org/candidate/106387/david-schweikert
28, AZ,House,Republican,District 8,Debbie Lesko,https://votesmart.org/candidate/106483/debbie-lesko
29, AZ,Senate,Democrat,Senior,Kyrsten Sinema,https://votesmart.org/candidate/28338/kyrsten-sinema
30, AZ,Senate,Republican,Junior,Martha McSally,https://votesmart.org/candidate/137299/martha-mcsally
31, CA,House,Democrat,District 10,Josh Harder,https://votesmart.org/candidate/179326/josh-harder
32, CA,House,Democrat,District 11,Mark DeSaulnier,https://votesmart.org/candidate/69477/mark-desaulnier
33, CA,House,Democrat,District 12,Nancy Pelosi,https://votesmart.org/candidate/26732/nancy-pelosi
34, CA,House,Democrat,District 13,Barbara Lee,https://votesmart.org/candidate/8315/barbara-lee
35, CA,House,Democrat,District 14,Jackie Speier,https://votesmart.org/candidate/8425/jackie-speier
36, CA,House,Democrat,District 15,Eric Swalwell,https://votesmart.org/candidate/129529/eric-swalwell
37, CA,House,Democrat,District 16,Jim Costa,https://votesmart.org/candidate/3577/jim-costa
38, CA,House,Democrat,District 17,Ro Khanna,https://votesmart.org/candidate/29473/ro-khanna
39, CA,House,Democrat,District 18,Anna Eshoo,https://votesmart.org/candidate/26741/anna-eshoo
40, CA,House,Democrat,District 19,Zoe Lofgren,https://votesmart.org/candidate/21899/zoe-lofgren
41, CA,House,Democrat,District 2,Jared Huffman,https://votesmart.org/candidate/59849/jared-huffman
42, CA,House,Democrat,District 20,Jimmy Panetta,https://votesmart.org/candidate/169078/jimmy-panetta
43, CA,House,Democrat,District 21,T. J. Cox,https://votesmart.org/candidate/57197/t-j-cox
44, CA,House,Democrat,District 24,Salud Carbajal,https://votesmart.org/candidate/81569/salud-carbajal
45, CA,House,Democrat,District 26,Julia Brownley,https://votesmart.org/candidate/59904/julia-brownley
46, CA,House,Democrat,District 27,Judy Chu,https://votesmart.org/candidate/16539/judy-chu
47, CA,House,Democrat,District 28,Adam Schiff,https://votesmart.org/candidate/9489/adam-schiff
48, CA,House,Democrat,District 29,Tony Cardenas,https://votesmart.org/candidate/9754/tony-cardenas
49, CA,House,Democrat,District 3,John Garamendi,https://votesmart.org/candidate/29664/john-garamendi
50, CA,House,Democrat,District 30,Brad Sherman,https://votesmart.org/candidate/142/brad-sherman
51, CA,House,Democrat,District 31,Pete Aguilar,https://votesmart.org/candidate/70114/pete-aguilar
52, CA,House,Democrat,District 32,Grace Napolitano,https://votesmart.org/candidate/8393/grace-napolitano
53, CA,House,Democrat,District 33,Ted Lieu,https://votesmart.org/candidate/1516/ted-lieu
54, CA,House,Democrat,District 34,Jimmy Gomez,https://votesmart.org/candidate/138524/jimmy-gomez
55, CA,House,Democrat,District 35,Norma Torres,https://votesmart.org/candidate/71284/norma-torres
56, CA,House,Democrat,District 36,Raul Ruiz,https://votesmart.org/candidate/136407/raul-ruiz
57, CA,House,Democrat,District 37,Karen Bass,https://votesmart.org/candidate/28963/karen-bass
58, CA,House,Democrat,District 38,Linda Sanchez,https://votesmart.org/candidate/29674/linda-sanchez
59, CA,House,Democrat,District 39,Gil Cisneros,https://votesmart.org/candidate/179370/gil-cisneros
60, CA,House,Democrat,District 40,Lucille Roybal-Allard,https://votesmart.org/candidate/26766/lucille-roybal-allard
61, CA,House,Democrat,District 41,Mark Takano,https://votesmart.org/candidate/22337/mark-takano
62, CA,House,Democrat,District 43,Maxine Waters,https://votesmart.org/candidate/26759/maxine-waters
63, CA,House,Democrat,District 44,Nanette Barragan,https://votesmart.org/candidate/166270/nanette-barragan
64, CA,House,Democrat,District 45,Katie Porter,https://votesmart.org/candidate/179393/katie-porter
65, CA,House,Democrat,District 46,Lou Correa,https://votesmart.org/candidate/9732/lou-correa
66, CA,House,Democrat,District 47,Alan Lowenthal,https://votesmart.org/candidate/16469/alan-lowenthal
67, CA,House,Democrat,District 48,Harley Rouda,https://votesmart.org/candidate/179404/harley-rouda
68, CA,House,Democrat,District 49,Mike Levin,https://votesmart.org/candidate/179416/mike-levin
69, CA,House,Democrat,District 5,Mike Thompson,https://votesmart.org/candidate/3564/mike-thompson
70, CA,House,Democrat,District 51,Juan Vargas,https://votesmart.org/candidate/29100/juan-vargas
71, CA,House,Democrat,District 52,Scott Peters,https://votesmart.org/candidate/70351/scott-peters
72, CA,House,Democrat,District 53,Susan Davis,https://votesmart.org/candidate/8168/susan-davis
73, CA,House,Democrat,District 6,Doris Matsui,https://votesmart.org/candidate/28593/doris-matsui
74, CA,House,Democrat,District 7,Ami Bera,https://votesmart.org/candidate/120030/ami-bera
75, CA,House,Democrat,District 9,Jerry McNerney,https://votesmart.org/candidate/29474/jerry-mcnerney
76, CA,House,Republican,District 1,Doug LaMalfa,https://votesmart.org/candidate/29713/doug-lamalfa
77, CA,House,Republican,District 22,Devin Nunes,https://votesmart.org/candidate/16725/devin-nunes
78, CA,House,Republican,District 23,Kevin McCarthy,https://votesmart.org/candidate/28918/kevin-mccarthy
79, CA,House,Republican,District 4,Tom McClintock,https://votesmart.org/candidate/9715/tom-mcclintock
80, CA,House,Republican,District 42,Ken Calvert,https://votesmart.org/candidate/26777/ken-calvert
81, CA,House,Republican,District 8,Paul Cook,https://votesmart.org/candidate/58121/paul-cook
82, CA,Senate,Democrat,Junior,Kamala Harris,https://votesmart.org/candidate/120012/kamala-harris
83, CA,Senate,Democrat,Senior,Dianne Feinstein,https://votesmart.org/candidate/53273/dianne-feinstein
84, CO,House,Democrat,District 1,Diana DeGette,https://votesmart.org/candidate/561/diana-degette
85, CO,House,Democrat,District 2,Joseph Neguse,https://votesmart.org/candidate/151075/joseph-neguse
86, CO,House,Democrat,District 6,Jason Crow,https://votesmart.org/candidate/180218/jason-crow
87, CO,House,Democrat,District 7,Ed Perlmutter,https://votesmart.org/candidate/2653/ed-perlmutter
88, CO,House,Republican,District 3,Scott Tipton,https://votesmart.org/candidate/65403/scott-tipton
89, CO,House,Republican,District 4,Ken Buck,https://votesmart.org/candidate/125319/ken-buck
90, CO,House,Republican,District 5,Doug Lamborn,https://votesmart.org/candidate/2698/doug-lamborn
91, CO,Senate,Democrat,Senior,Michael Bennet,https://votesmart.org/candidate/110942/michael-bennet
92, CO,Senate,Republican,Junior,Cory Gardner,https://votesmart.org/candidate/30004/cory-gardner
93, CT,House,Democrat,District 1,John Larson,https://votesmart.org/candidate/17188/john-larson
94, CT,House,Democrat,District 2,Joe Courtney,https://votesmart.org/candidate/30333/joe-courtney
95, CT,House,Democrat,District 3,Rosa DeLauro,https://votesmart.org/candidate/26788/rosa-delauro
96, CT,House,Democrat,District 4,Jim Himes,https://votesmart.org/candidate/106744/jim-himes
97, CT,House,Democrat,District 5,Jahana Hayes,https://votesmart.org/candidate/181744/jahana-hayes
98, CT,Senate,Democrat,Junior,Chris Murphy,https://votesmart.org/candidate/17189/chris-murphy
99, CT,Senate,Democrat,Senior,Richard Blumenthal,https://votesmart.org/candidate/1568/richard-blumenthal
100,DC,House,Democrat,At-Large,Eleanor Norton,https://votesmart.org/candidate/775/eleanor-norton
101,DE,House,Democrat,At-Large,Lisa Blunt Rochester,https://votesmart.org/candidate/173249/lisa-blunt-rochester
102,DE,Senate,Democrat,Junior,Chris Coons,https://votesmart.org/candidate/122834/chris-coons
103,DE,Senate,Democrat,Senior,Tom Carper,https://votesmart.org/candidate/22421/tom-carper
104,FL,House,Democrat,District 10,Val Demings,https://votesmart.org/candidate/137637/val-demings
105,FL,House,Democrat,District 13,Charlie Crist Jr.,https://votesmart.org/candidate/24311/charlie-crist-jr
106,FL,House,Democrat,District 14,Kathy Castor,https://votesmart.org/candidate/53825/kathy-castor
107,FL,House,Democrat,District 20,Alcee Hastings Sr.,https://votesmart.org/candidate/26798/alcee-hastings-sr
108,FL,House,Democrat,District 21,Lois Frankel,https://votesmart.org/candidate/8102/lois-frankel
109,FL,House,Democrat,District 22,Ted Deutch,https://votesmart.org/candidate/67151/ted-deutch
110,FL,House,Democrat,District 23,Debbie Wasserman Schultz,https://votesmart.org/candidate/24301/debbie-wasserman-schultz
111,FL,House,Democrat,District 24,Frederica Wilson,https://votesmart.org/candidate/17319/frederica-wilson
112,FL,House,Democrat,District 26,Debbie Mucarsel-Powell,https://votesmart.org/candidate/173449/debbie-mucarsel-powell
113,FL,House,Democrat,District 27,Donna Shalala,https://votesmart.org/candidate/182301/donna-shalala
114,FL,House,Democrat,District 5,Al Lawson Jr.,https://votesmart.org/candidate/24263/al-lawson-jr
115,FL,House,Democrat,District 7,Stephanie Murphy,https://votesmart.org/candidate/173426/stephanie-murphy
116,FL,House,Democrat,District 9,Darren Soto,https://votesmart.org/candidate/67618/darren-soto
117,FL,House,Republican,District 1,Matt Gaetz,https://votesmart.org/candidate/117101/matt-gaetz
118,FL,House,Republican,District 11,Daniel Webster,https://votesmart.org/candidate/24302/daniel-webster
119,FL,House,Republican,District 12,Gus Bilirakis,https://votesmart.org/candidate/17318/gus-bilirakis
120,FL,House,Republican,District 15,Ross Spano,https://votesmart.org/candidate/142164/ross-spano
121,FL,House,Republican,District 16,Vern Buchanan,https://votesmart.org/candidate/66247/vern-buchanan
122,FL,House,Republican,District 17,Greg Steube,https://votesmart.org/candidate/117248/greg-steube
123,FL,House,Republican,District 18,Brian Mast,https://votesmart.org/candidate/166245/brian-mast
124,FL,House,Republican,District 19,Francis Rooney,https://votesmart.org/candidate/172678/francis-rooney
125,FL,House,Republican,District 2,Neal Dunn,https://votesmart.org/candidate/166297/neal-dunn
126,FL,House,Republican,District 25,Mario Diaz-Balart,https://votesmart.org/candidate/24312/mario-diaz-balart
127,FL,House,Republican,District 3,Ted Yoho,https://votesmart.org/candidate/137622/ted-yoho
128,FL,House,Republican,District 4,John Rutherford,https://votesmart.org/candidate/172542/john-rutherford
129,FL,House,Republican,District 6,Michael Waltz,https://votesmart.org/candidate/182261/michael-waltz
130,FL,House,Republican,District 8,Bill Posey,https://votesmart.org/candidate/24280/bill-posey
131,FL,Senate,Republican,Junior,Rick Scott,https://votesmart.org/candidate/124204/rick-scott
132,FL,Senate,Republican,Senior,Marco Rubio,https://votesmart.org/candidate/1601/marco-rubio
133,GA,House,Democrat,District 13,David Scott,https://votesmart.org/candidate/7826/david-scott
134,GA,House,Democrat,District 2,Sanford Bishop Jr.,https://votesmart.org/candidate/26817/sanford-bishop-jr
135,GA,House,Democrat,District 4,Hank Johnson Jr.,https://votesmart.org/candidate/68070/hank-johnson-jr
136,GA,House,Democrat,District 5,John Lewis,https://votesmart.org/candidate/26820/john-lewis
137,GA,House,Democrat,District 6,Lucy McBath,https://votesmart.org/candidate/178538/lucy-mcbath
138,GA,House,Republican,District 1,Buddy Carter,https://votesmart.org/candidate/32085/buddy-carter
139,GA,House,Republican,District 10,Jody Hice,https://votesmart.org/candidate/122246/jody-hice
140,GA,House,Republican,District 11,Barry Loudermilk,https://votesmart.org/candidate/31618/barry-loudermilk
141,GA,House,Republican,District 12,Rick Allen,https://votesmart.org/candidate/136062/rick-allen
142,GA,House,Republican,District 14,Tom Graves Jr.,https://votesmart.org/candidate/31969/tom-graves-jr
143,GA,House,Republican,District 3,Drew Ferguson,https://votesmart.org/candidate/168132/drew-ferguson
144,GA,House,Republican,District 7,Rob Woodall,https://votesmart.org/candidate/122251/rob-woodall
145,GA,House,Republican,District 8,Austin Scott,https://votesmart.org/candidate/11812/austin-scott
146,GA,House,Republican,District 9,Doug Collins,https://votesmart.org/candidate/67851/doug-collins
147,GA,Senate,Republican,Junior,Kelly Loeffler,https://votesmart.org/candidate/188718/kelly-loeffler
148,GA,Senate,Republican,Senior,David Perdue,https://votesmart.org/candidate/151330/david-perdue
149,GU,House,Democrat,At-Large,Michael San Nicolas,https://votesmart.org/candidate/185972/michael-san-nicolas
150,HI,House,Democrat,District 1,Edward Case,https://votesmart.org/candidate/3422/edward-case
151,HI,House,Democrat,District 2,Tulsi Gabbard,https://votesmart.org/candidate/129306/tulsi-gabbard
152,HI,Senate,Democrat,Junior,Mazie Hirono,https://votesmart.org/candidate/1677/mazie-hirono
153,HI,Senate,Democrat,Senior,Brian Schatz,https://votesmart.org/candidate/17852/brian-schatz
154,IA,House,Democrat,District 1,Abby Finkenauer,https://votesmart.org/candidate/151127/abby-finkenauer
155,IA,House,Democrat,District 2,Dave Loebsack,https://votesmart.org/candidate/68964/dave-loebsack
156,IA,House,Democrat,District 3,Cindy Axne,https://votesmart.org/candidate/179226/cindy-axne
157,IA,House,Republican,District 4,Steve King,https://votesmart.org/candidate/10853/steve-king
158,IA,Senate,Republican,Junior,Joni Ernst,https://votesmart.org/candidate/128583/joni-ernst
159,IA,Senate,Republican,Senior,Chuck Grassley,https://votesmart.org/candidate/53293/chuck-grassley
160,ID,House,Republican,District 1,Russ Fulcher,https://votesmart.org/candidate/33091/russ-fulcher
161,ID,House,Republican,District 2,Mike Simpson,https://votesmart.org/candidate/2917/mike-simpson
162,ID,Senate,Republican,Junior,James Risch,https://votesmart.org/candidate/2919/james-risch
163,ID,Senate,Republican,Senior,Mike Crapo,https://votesmart.org/candidate/26830/mike-crapo
164,IL,House,Democrat,District 1,Bobby Rush,https://votesmart.org/candidate/26831/bobby-rush
165,IL,House,Democrat,District 10,Brad Schneider,https://votesmart.org/candidate/134948/brad-schneider
166,IL,House,Democrat,District 11,Bill Foster,https://votesmart.org/candidate/101632/bill-foster
167,IL,House,Democrat,District 14,Lauren Underwood,https://votesmart.org/candidate/177001/lauren-underwood
168,IL,House,Democrat,District 17,Cheri Bustos,https://votesmart.org/candidate/134964/cheri-bustos
169,IL,House,Democrat,District 2,Robin Kelly,https://votesmart.org/candidate/33384/robin-kelly
170,IL,House,Democrat,District 3,Daniel Lipinski,https://votesmart.org/candidate/33692/daniel-lipinski
171,IL,House,Democrat,District 4,Jesus Garcia,https://votesmart.org/candidate/6261/jesus-garcia
172,IL,House,Democrat,District 5,Mike Quigley,https://votesmart.org/candidate/83310/mike-quigley
173,IL,House,Democrat,District 6,Sean Casten,https://votesmart.org/candidate/176982/sean-casten
174,IL,House,Democrat,District 7,Danny Davis,https://votesmart.org/candidate/233/danny-davis
175,IL,House,Democrat,District 8,Raja Krishnamoorthi,https://votesmart.org/candidate/117519/raja-krishnamoorthi
176,IL,House,Democrat,District 9,Jan Schakowsky,https://votesmart.org/candidate/6387/jan-schakowsky
177,IL,House,Republican,District 12,Mike Bost,https://votesmart.org/candidate/6302/mike-bost
178,IL,House,Republican,District 13,Rodney Davis,https://votesmart.org/candidate/9622/rodney-davis
179,IL,House,Republican,District 15,John Shimkus,https://votesmart.org/candidate/246/john-shimkus
180,IL,House,Republican,District 16,Adam Kinzinger,https://votesmart.org/candidate/116559/adam-kinzinger
181,IL,House,Republican,District 18,Darin LaHood,https://votesmart.org/candidate/128760/darin-lahood
182,IL,Senate,Democrat,Junior,Tammy Duckworth,https://votesmart.org/candidate/57442/tammy-duckworth
183,IL,Senate,Democrat,Senior,Dick Durbin,https://votesmart.org/candidate/26847/dick-durbin
184,IN,House,Democrat,District 1,Pete Visclosky,https://votesmart.org/candidate/26851/pete-visclosky
185,IN,House,Democrat,District 7,Andre Carson,https://votesmart.org/candidate/84917/andre-carson
186,IN,House,Republican,District 2,Jackie Walorski,https://votesmart.org/candidate/34205/jackie-walorski
187,IN,House,Republican,District 3,Jim Banks,https://votesmart.org/candidate/116801/jim-banks
188,IN,House,Republican,District 4,Jim Baird,https://votesmart.org/candidate/86013/jim-baird
189,IN,House,Republican,District 5,Susan Brooks,https://votesmart.org/candidate/135988/susan-brooks
190,IN,House,Republican,District 6,Greg Pence,https://votesmart.org/candidate/177876/greg-pence
191,IN,House,Republican,District 8,Larry Bucshon,https://votesmart.org/candidate/120335/larry-bucshon
192,IN,House,Republican,District 9,Trey Hollingsworth,https://votesmart.org/candidate/167423/trey-hollingsworth
193,IN,Senate,Republican,Junior,Mike Braun,https://votesmart.org/candidate/148564/mike-braun
194,IN,Senate,Republican,Senior,Todd Young,https://votesmart.org/candidate/120345/todd-young
195,KS,House,Democrat,District 3,Sharice Davids,https://votesmart.org/candidate/181201/sharice-davids
196,KS,House,Republican,District 1,Roger Marshall,https://votesmart.org/candidate/172080/roger-marshall
197,KS,House,Republican,District 2,Steven Watkins Jr.,https://votesmart.org/candidate/181200/steven-watkins-jr
198,KS,House,Republican,District 4,Ron Estes,https://votesmart.org/candidate/125031/ron-estes
199,KS,Senate,Republican,Junior,Jerry Moran,https://votesmart.org/candidate/542/jerry-moran
200,KS,Senate,Republican,Senior,Pat Roberts,https://votesmart.org/candidate/26866/pat-roberts
201,KY,House,Democrat,District 3,John Yarmuth,https://votesmart.org/candidate/58579/john-yarmuth
202,KY,House,Republican,District 1,James Comer Jr.,https://votesmart.org/candidate/35169/james-comer-jr
203,KY,House,Republican,District 2,Brett Guthrie,https://votesmart.org/candidate/18829/brett-guthrie
204,KY,House,Republican,District 4,Thomas Massie,https://votesmart.org/candidate/132068/thomas-massie
205,KY,House,Republican,District 5,Hal Rogers,https://votesmart.org/candidate/26875/hal-rogers
206,KY,House,Republican,District 6,Andy Barr,https://votesmart.org/candidate/117290/andy-barr
207,KY,Senate,Republican,Junior,Rand Paul,https://votesmart.org/candidate/117285/rand-paul
208,KY,Senate,Republican,Senior,Mitch McConnell,https://votesmart.org/candidate/53298/mitch-mcconnell
209,LA,House,Democrat,District 2,Cedric Richmond,https://votesmart.org/candidate/35384/cedric-richmond
210,LA,House,Republican,District 1,Steve Scalise,https://votesmart.org/candidate/9026/steve-scalise
211,LA,House,Republican,District 3,Clay Higgins,https://votesmart.org/candidate/174484/clay-higgins
212,LA,House,Republican,District 4,Mike Johnson,https://votesmart.org/candidate/156097/mike-johnson
213,LA,House,Republican,District 5,Ralph Abraham,https://votesmart.org/candidate/155414/ralph-abraham
214,LA,House,Republican,District 6,Garret Graves,https://votesmart.org/candidate/155424/garret-graves
215,LA,Senate,Republican,Junior,John Kennedy,https://votesmart.org/candidate/35496/john-kennedy
216,LA,Senate,Republican,Senior,Bill Cassidy,https://votesmart.org/candidate/69494/bill-cassidy
217,MA,House,Democrat,District 1,Richard Neal,https://votesmart.org/candidate/26895/richard-neal
218,MA,House,Democrat,District 2,Jim McGovern,https://votesmart.org/candidate/552/jim-mcgovern
219,MA,House,Democrat,District 3,Lori Trahan,https://votesmart.org/candidate/182310/lori-trahan
220,MA,House,Democrat,District 4,Joe Kennedy III,https://votesmart.org/candidate/141275/joe-kennedy-iii
221,MA,House,Democrat,District 5,Katherine Clark,https://votesmart.org/candidate/35858/katherine-clark
222,MA,House,Democrat,District 6,Seth Moulton,https://votesmart.org/candidate/146299/seth-moulton
223,MA,House,Democrat,District 7,Ayanna Pressley,https://votesmart.org/candidate/122700/ayanna-pressley
224,MA,House,Democrat,District 8,Stephen Lynch,https://votesmart.org/candidate/4844/stephen-lynch
225,MA,House,Democrat,District 9,Bill Keating,https://votesmart.org/candidate/4743/bill-keating
226,MA,Senate,Democrat,Junior,Ed Markey,https://votesmart.org/candidate/26900/ed-markey
227,MA,Senate,Democrat,Senior,Elizabeth Warren,https://votesmart.org/candidate/141272/elizabeth-warren
228,MD,House,Democrat,District 2,Dutch Ruppersberger,https://votesmart.org/candidate/36130/dutch-ruppersberger
229,MD,House,Democrat,District 3,John Sarbanes,https://votesmart.org/candidate/66575/john-sarbanes
230,MD,House,Democrat,District 4,Anthony Brown,https://votesmart.org/candidate/19344/anthony-brown
231,MD,House,Democrat,District 5,Steny Hoyer,https://votesmart.org/candidate/26890/steny-hoyer
232,MD,House,Democrat,District 6,David Trone,https://votesmart.org/candidate/167336/david-trone
233,MD,House,Democrat,District 8,Jamie Raskin,https://votesmart.org/candidate/65904/jamie-raskin
234,MD,House,Republican,District 1,Andy Harris,https://votesmart.org/candidate/19157/andy-harris
235,MD,Senate,Democrat,Junior,Chris Van Hollen Jr.,https://votesmart.org/candidate/6098/chris-van-hollen-jr
236,MD,Senate,Democrat,Senior,Ben Cardin,https://votesmart.org/candidate/26888/ben-cardin
237,ME,House,Democrat,District 1,Chellie Pingree,https://votesmart.org/candidate/6586/chellie-pingree
238,ME,House,Democrat,District 2,Jared Golden,https://votesmart.org/candidate/151420/jared-golden
239,ME,Senate,Independent,Junior,Angus King Jr.,https://votesmart.org/candidate/22381/angus-king-jr
240,ME,Senate,Republican,Senior,Susan Collins,https://votesmart.org/candidate/379/susan-collins
241,MI,House,Democrat,District 11,Haley Stevens,https://votesmart.org/candidate/181092/haley-stevens
242,MI,House,Democrat,District 12,Debbie Dingell,https://votesmart.org/candidate/152482/debbie-dingell
243,MI,House,Democrat,District 13,Rashida Tlaib,https://votesmart.org/candidate/105368/rashida-tlaib
244,MI,House,Democrat,District 14,Brenda Lawrence,https://votesmart.org/candidate/78851/brenda-lawrence
245,MI,House,Democrat,District 5,Dan Kildee,https://votesmart.org/candidate/136102/dan-kildee
246,MI,House,Democrat,District 8,Elissa Slotkin,https://votesmart.org/candidate/181080/elissa-slotkin
247,MI,House,Democrat,District 9,Andy Levin,https://votesmart.org/candidate/66287/andy-levin
248,MI,House,Independent,District 3,Justin Amash,https://votesmart.org/candidate/105566/justin-amash
249,MI,House,Republican,District 1,Jack Bergman,https://votesmart.org/candidate/170172/jack-bergman
250,MI,House,Republican,District 10,Paul Mitchell,https://votesmart.org/candidate/152464/paul-mitchell
251,MI,House,Republican,District 2,Bill Huizenga,https://votesmart.org/candidate/38351/bill-huizenga
252,MI,House,Republican,District 4,John Moolenaar,https://votesmart.org/candidate/37676/john-moolenaar
253,MI,House,Republican,District 6,Fred Upton,https://votesmart.org/candidate/26906/fred-upton
254,MI,House,Republican,District 7,Tim Walberg,https://votesmart.org/candidate/8618/tim-walberg
255,MI,Senate,Democrat,Junior,Gary Peters,https://votesmart.org/candidate/8749/gary-peters
256,MI,Senate,Democrat,Senior,Debbie Stabenow,https://votesmart.org/candidate/515/debbie-stabenow
257,MN,House,Democrat,District 2,Angie Craig,https://votesmart.org/candidate/166261/angie-craig
258,MN,House,Democrat,District 3,Dean Phillips,https://votesmart.org/candidate/181357/dean-phillips
259,MN,House,Democrat,District 4,Betty McCollum,https://votesmart.org/candidate/3812/betty-mccollum
260,MN,House,Democrat,District 5,Ilhan Omar,https://votesmart.org/candidate/171628/ilhan-omar
261,MN,House,Democrat,District 7,Collin Peterson,https://votesmart.org/candidate/26926/collin-peterson
262,MN,House,Republican,District 1,Jim Hagedorn,https://votesmart.org/candidate/146027/jim-hagedorn
263,MN,House,Republican,District 6,Tom Emmer,https://votesmart.org/candidate/38894/tom-emmer
264,MN,House,Republican,District 8,Peter Stauber,https://votesmart.org/candidate/159954/peter-stauber
265,MN,Senate,Democrat,Junior,Tina Smith,https://votesmart.org/candidate/152968/tina-smith
266,MN,Senate,Democrat,Senior,Amy Klobuchar,https://votesmart.org/candidate/65092/amy-klobuchar
267,MO,House,Democrat,District 1,Lacy Clay Jr.,https://votesmart.org/candidate/8967/lacy-clay-jr
268,MO,House,Democrat,District 5,Emanuel Cleaver II,https://votesmart.org/candidate/39507/emanuel-cleaver-ii
269,MO,House,Republican,District 2,Ann Wagner,https://votesmart.org/candidate/136083/ann-wagner
270,MO,House,Republican,District 3,Blaine Luetkemeyer,https://votesmart.org/candidate/20400/blaine-luetkemeyer
271,MO,House,Republican,District 4,Vicky Hartzler,https://votesmart.org/candidate/8783/vicky-hartzler
272,MO,House,Republican,District 6,Sam Graves,https://votesmart.org/candidate/9425/sam-graves
273,MO,House,Republican,District 7,Billy Long,https://votesmart.org/candidate/123401/billy-long
274,MO,House,Republican,District 8,Jason Smith,https://votesmart.org/candidate/59318/jason-smith
275,MO,Senate,Republican,Junior,Josh Hawley,https://votesmart.org/candidate/169716/josh-hawley
276,MO,Senate,Republican,Senior,Roy Blunt,https://votesmart.org/candidate/418/roy-blunt
277,MP,House,Democrat,At-Large,Kilili Sablan,https://votesmart.org/candidate/110903/kilili-sablan
278,MS,House,Democrat,District 2,Bennie Thompson,https://votesmart.org/candidate/26929/bennie-thompson
279,MS,House,Republican,District 1,Trent Kelly,https://votesmart.org/candidate/156389/trent-kelly
280,MS,House,Republican,District 3,Michael Guest,https://votesmart.org/candidate/179667/michael-guest
281,MS,House,Republican,District 4,Steven Palazzo,https://votesmart.org/candidate/69521/steven-palazzo
282,MS,Senate,Republican,Junior,Cindy Hyde-Smith,https://votesmart.org/candidate/20784/cindy-hyde-smith
283,MS,Senate,Republican,Senior,Roger Wicker,https://votesmart.org/candidate/21926/roger-wicker
284,MT,House,Republican,At-Large,Greg Gianforte,https://votesmart.org/candidate/168594/greg-gianforte
285,MT,Senate,Democrat,Senior,Jon Tester,https://votesmart.org/candidate/20928/jon-tester
286,MT,Senate,Republican,Junior,Steve Daines,https://votesmart.org/candidate/135720/steve-daines
287,NC,House,Democrat,District 1,G.K. Butterfield Jr.,https://votesmart.org/candidate/41077/gk-butterfield-jr
288,NC,House,Democrat,District 12,Alma Adams,https://votesmart.org/candidate/5935/alma-adams
289,NC,House,Democrat,District 4,David Price,https://votesmart.org/candidate/119/david-price
290,NC,House,Republican,District 10,Patrick McHenry,https://votesmart.org/candidate/21031/patrick-mchenry
291,NC,House,Republican,District 13,Ted Budd,https://votesmart.org/candidate/171489/ted-budd
292,NC,House,Republican,District 2,George Holding,https://votesmart.org/candidate/136462/george-holding
293,NC,House,Republican,District 3,Greg Murphy,https://votesmart.org/candidate/166135/greg-murphy
294,NC,House,Republican,District 5,Virginia Foxx,https://votesmart.org/candidate/6051/virginia-foxx
295,NC,House,Republican,District 6,Mark Walker,https://votesmart.org/candidate/146255/mark-walker
296,NC,House,Republican,District 7,David Rouzer,https://votesmart.org/candidate/102964/david-rouzer
297,NC,House,Republican,District 8,Richard Hudson Jr.,https://votesmart.org/candidate/136448/richard-hudson-jr
298,NC,House,Republican,District 9,Dan Bishop,https://votesmart.org/candidate/92423/dan-bishop
299,NC,Senate,Republican,Junior,Thom Tillis,https://votesmart.org/candidate/57717/thom-tillis
300,NC,Senate,Republican,Senior,Richard Burr,https://votesmart.org/candidate/21787/richard-burr
301,ND,House,Republican,At-Large,Kelly Armstrong,https://votesmart.org/candidate/139338/kelly-armstrong
302,ND,Senate,Republican,Junior,Kevin Cramer,https://votesmart.org/candidate/444/kevin-cramer
303,ND,Senate,Republican,Senior,John Hoeven,https://votesmart.org/candidate/41788/john-hoeven
304,NE,House,Republican,District 1,Jeff Fortenberry,https://votesmart.org/candidate/41929/jeff-fortenberry
305,NE,House,Republican,District 2,Donald Bacon,https://votesmart.org/candidate/166299/donald-bacon
306,NE,House,Republican,District 3,Adrian Smith,https://votesmart.org/candidate/21284/adrian-smith
307,NE,Senate,Republican,Junior,Ben Sasse,https://votesmart.org/candidate/150182/ben-sasse
308,NE,Senate,Republican,Senior,Deb Fischer,https://votesmart.org/candidate/41963/deb-fischer
309,NH,House,Democrat,District 1,Christopher Pappas,https://votesmart.org/candidate/42635/christopher-pappas
310,NH,House,Democrat,District 2,Ann Kuster,https://votesmart.org/candidate/122256/ann-kuster
311,NH,Senate,Democrat,Junior,Maggie Hassan,https://votesmart.org/candidate/42552/maggie-hassan
312,NH,Senate,Democrat,Senior,Jeanne Shaheen,https://votesmart.org/candidate/1663/jeanne-shaheen
313,NJ,House,Democrat,District 1,Donald Norcross,https://votesmart.org/candidate/116277/donald-norcross
314,NJ,House,Democrat,District 10,Don Payne Jr.,https://votesmart.org/candidate/90668/don-payne-jr
315,NJ,House,Democrat,District 11,Mikie Sherrill,https://votesmart.org/candidate/179651/mikie-sherrill
316,NJ,House,Democrat,District 12,Bonnie Watson Coleman,https://votesmart.org/candidate/24799/bonnie-watson-coleman
317,NJ,House,Democrat,District 3,Andy Kim,https://votesmart.org/candidate/179640/andy-kim
318,NJ,House,Democrat,District 5,Joshua Gottheimer,https://votesmart.org/candidate/169202/joshua-gottheimer
319,NJ,House,Democrat,District 6,Frank Pallone Jr.,https://votesmart.org/candidate/26951/frank-pallone-jr
320,NJ,House,Democrat,District 7,Tom Malinowski,https://votesmart.org/candidate/179645/tom-malinowski
321,NJ,House,Democrat,District 8,Albio Sires,https://votesmart.org/candidate/22510/albio-sires
322,NJ,House,Democrat,District 9,Bill Pascrell Jr.,https://votesmart.org/candidate/478/bill-pascrell-jr
323,NJ,House,Republican,District 2,Jeff Van Drew,https://votesmart.org/candidate/24685/jeff-van-drew
324,NJ,House,Republican,District 4,Chris Smith,https://votesmart.org/candidate/26952/chris-smith
325,NJ,Senate,Democrat,Junior,Cory Booker,https://votesmart.org/candidate/76151/cory-booker
326,NJ,Senate,Democrat,Senior,Bob Menendez,https://votesmart.org/candidate/26961/bob-menendez
327,NM,House,Democrat,District 1,Deb Haaland,https://votesmart.org/candidate/149368/deb-haaland
328,NM,House,Democrat,District 2,Xochitl Torres Small,https://votesmart.org/candidate/177978/xochitl-torres-small
329,NM,House,Democrat,District 3,Ben Lujan Jr.,https://votesmart.org/candidate/102842/ben-lujan-jr
330,NM,Senate,Democrat,Junior,Martin Heinrich,https://votesmart.org/candidate/74517/martin-heinrich
331,NM,Senate,Democrat,Senior,Tom Udall,https://votesmart.org/candidate/22658/tom-udall
332,NV,House,Democrat,District 1,Dina Titus,https://votesmart.org/candidate/2629/dina-titus
333,NV,House,Democrat,District 3,Susie Lee,https://votesmart.org/candidate/169344/susie-lee
334,NV,House,Democrat,District 4,Steven Horsford,https://votesmart.org/candidate/44064/steven-horsford
335,NV,House,Republican,District 2,Mark Amodei,https://votesmart.org/candidate/12537/mark-amodei
336,NV,Senate,Democrat,Junior,Jacky Rosen,https://votesmart.org/candidate/169471/jacky-rosen
337,NV,Senate,Democrat,Senior,Catherine Cortez Masto,https://votesmart.org/candidate/69579/catherine-cortez-masto
338,NY,House,Democrat,District 10,Jerry Nadler,https://votesmart.org/candidate/26980/jerry-nadler
339,NY,House,Democrat,District 11,Max Rose,https://votesmart.org/candidate/180409/max-rose
340,NY,House,Democrat,District 12,Carolyn Maloney,https://votesmart.org/candidate/26978/carolyn-maloney
341,NY,House,Democrat,District 13,Adriano Espaillat,https://votesmart.org/candidate/14379/adriano-espaillat
342,NY,House,Democrat,District 14,Alexandria Ocasio-Cortez,https://votesmart.org/candidate/180416/alexandria-ocasio-cortez
343,NY,House,Democrat,District 15,Jose Serrano,https://votesmart.org/candidate/26981/jose-serrano
344,NY,House,Democrat,District 16,Eliot Engel,https://votesmart.org/candidate/26972/eliot-engel
345,NY,House,Democrat,District 17,Nita Lowey,https://votesmart.org/candidate/26982/nita-lowey
346,NY,House,Democrat,District 18,Sean Maloney,https://votesmart.org/candidate/139760/sean-maloney
347,NY,House,Democrat,District 19,Antonio Delgado,https://votesmart.org/candidate/180313/antonio-delgado
348,NY,House,Democrat,District 20,Paul Tonko,https://votesmart.org/candidate/4403/paul-tonko
349,NY,House,Democrat,District 22,Anthony Brindisi,https://votesmart.org/candidate/135258/anthony-brindisi
350,NY,House,Democrat,District 25,Joe Morelle,https://votesmart.org/candidate/4362/joe-morelle
351,NY,House,Democrat,District 26,Brian Higgins,https://votesmart.org/candidate/23127/brian-higgins
352,NY,House,Democrat,District 3,Thomas Suozzi,https://votesmart.org/candidate/92111/thomas-suozzi
353,NY,House,Democrat,District 4,Kathleen Rice,https://votesmart.org/candidate/127653/kathleen-rice
354,NY,House,Democrat,District 5,Gregory Meeks,https://votesmart.org/candidate/4360/gregory-meeks
355,NY,House,Democrat,District 6,Grace Meng,https://votesmart.org/candidate/69157/grace-meng
356,NY,House,Democrat,District 7,Nydia Velazquez,https://votesmart.org/candidate/26975/nydia-velazquez
357,NY,House,Democrat,District 8,Hakeem Jeffries,https://votesmart.org/candidate/55285/hakeem-jeffries
358,NY,House,Democrat,District 9,Yvette Clarke,https://votesmart.org/candidate/44741/yvette-clarke
359,NY,House,Republican,District 1,Lee Zeldin,https://votesmart.org/candidate/110252/lee-zeldin
360,NY,House,Republican,District 2,Pete King,https://votesmart.org/candidate/26968/pete-king
361,NY,House,Republican,District 21,Elise Stefanik,https://votesmart.org/candidate/152539/elise-stefanik
362,NY,House,Republican,District 23,Tom Reed II,https://votesmart.org/candidate/127046/tom-reed-ii
363,NY,House,Republican,District 24,John Katko,https://votesmart.org/candidate/152546/john-katko
364,NY,Senate,Democrat,Junior,Kirsten Gillibrand,https://votesmart.org/candidate/65147/kirsten-gillibrand
365,NY,Senate,Democrat,Senior,Chuck Schumer,https://votesmart.org/candidate/26976/chuck-schumer
366,OH,House,Democrat,District 11,Marcia Fudge,https://votesmart.org/candidate/110640/marcia-fudge
367,OH,House,Democrat,District 13,Tim Ryan,https://votesmart.org/candidate/45638/tim-ryan
368,OH,House,Democrat,District 3,Joyce Beatty,https://votesmart.org/candidate/2427/joyce-beatty
369,OH,House,Democrat,District 9,Marcy Kaptur,https://votesmart.org/candidate/27016/marcy-kaptur
370,OH,House,Republican,District 1,Steve Chabot,https://votesmart.org/candidate/21790/steve-chabot
371,OH,House,Republican,District 10,Mike Turner,https://votesmart.org/candidate/45519/mike-turner
372,OH,House,Republican,District 12,Troy Balderson,https://votesmart.org/candidate/102781/troy-balderson
373,OH,House,Republican,District 14,Dave Joyce,https://votesmart.org/candidate/143052/dave-joyce
374,OH,House,Republican,District 15,Steve Stivers,https://votesmart.org/candidate/45333/steve-stivers
375,OH,House,Republican,District 16,Anthony Gonzalez,https://votesmart.org/candidate/178867/anthony-gonzalez
376,OH,House,Republican,District 2,Brad Wenstrup,https://votesmart.org/candidate/135326/brad-wenstrup
377,OH,House,Republican,District 4,Jim Jordan,https://votesmart.org/candidate/8158/jim-jordan
378,OH,House,Republican,District 5,Bob Latta,https://votesmart.org/candidate/9926/bob-latta
379,OH,House,Republican,District 6,Bill Johnson,https://votesmart.org/candidate/120649/bill-johnson
380,OH,House,Republican,District 7,Bob Gibbs,https://votesmart.org/candidate/45466/bob-gibbs
381,OH,House,Republican,District 8,Warren Davidson,https://votesmart.org/candidate/166760/warren-davidson
382,OH,Senate,Democrat,Senior,Sherrod Brown,https://votesmart.org/candidate/27018/sherrod-brown
383,OH,Senate,Republican,Junior,Rob Portman,https://votesmart.org/candidate/27008/rob-portman
384,OK,House,Democrat,District 5,Kendra Horn,https://votesmart.org/candidate/180018/kendra-horn
385,OK,House,Republican,District 1,Kevin Hern,https://votesmart.org/candidate/180004/kevin-hern
386,OK,House,Republican,District 2,Markwayne Mullin,https://votesmart.org/candidate/135898/markwayne-mullin
387,OK,House,Republican,District 3,Frank Lucas,https://votesmart.org/candidate/27032/frank-lucas
388,OK,House,Republican,District 4,Tom Cole,https://votesmart.org/candidate/46034/tom-cole
389,OK,Senate,Republican,Junior,James Lankford,https://votesmart.org/candidate/124938/james-lankford
390,OK,Senate,Republican,Senior,Jim Inhofe,https://votesmart.org/candidate/27027/jim-inhofe
391,OR,House,Democrat,District 1,Suzanne Bonamici,https://votesmart.org/candidate/59641/suzanne-bonamici
392,OR,House,Democrat,District 3,Earl Blumenauer,https://votesmart.org/candidate/367/earl-blumenauer
393,OR,House,Democrat,District 4,Peter DeFazio,https://votesmart.org/candidate/27037/peter-defazio
394,OR,House,Democrat,District 5,Kurt Schrader,https://votesmart.org/candidate/10813/kurt-schrader
395,OR,House,Republican,District 2,Greg Walden,https://votesmart.org/candidate/2979/greg-walden
396,OR,Senate,Democrat,Junior,Jeff Merkley,https://votesmart.org/candidate/23644/jeff-merkley
397,OR,Senate,Democrat,Senior,Ron Wyden,https://votesmart.org/candidate/27036/ron-wyden
398,PA,House,Democrat,District 17,Conor Lamb,https://votesmart.org/candidate/177656/conor-lamb
399,PA,House,Democrat,District 18,Mike Doyle Jr.,https://votesmart.org/candidate/21853/mike-doyle-jr
400,PA,House,Democrat,District 2,Brendan Boyle,https://votesmart.org/candidate/47357/brendan-boyle
401,PA,House,Democrat,District 3,Dwight Evans,https://votesmart.org/candidate/9128/dwight-evans
402,PA,House,Democrat,District 4,Madeleine Dean,https://votesmart.org/candidate/136484/madeleine-dean
403,PA,House,Democrat,District 5,Mary Scanlon,https://votesmart.org/candidate/178890/mary-scanlon
404,PA,House,Democrat,District 6,Christina Houlahan,https://votesmart.org/candidate/178893/christina-houlahan
405,PA,House,Democrat,District 7,Susan Wild,https://votesmart.org/candidate/178895/susan-wild
406,PA,House,Democrat,District 8,Matt Cartwright,https://votesmart.org/candidate/136236/matt-cartwright
407,PA,House,Republican,District 1,Brian Fitzpatrick,https://votesmart.org/candidate/167708/brian-fitzpatrick
408,PA,House,Republican,District 10,Scott Perry,https://votesmart.org/candidate/59980/scott-perry
409,PA,House,Republican,District 11,Lloyd Smucker,https://votesmart.org/candidate/102454/lloyd-smucker
410,PA,House,Republican,District 12,Fred Keller,https://votesmart.org/candidate/119553/fred-keller
411,PA,House,Republican,District 13,John Joyce,https://votesmart.org/candidate/178911/john-joyce
412,PA,House,Republican,District 14,Guy Reschenthaler,https://votesmart.org/candidate/166004/guy-reschenthaler
413,PA,House,Republican,District 15,GT Thompson Jr.,https://votesmart.org/candidate/24046/gt-thompson-jr
414,PA,House,Republican,District 16,Mike Kelly Jr.,https://votesmart.org/candidate/119463/mike-kelly-jr
415,PA,House,Republican,District 9,Daniel Meuser,https://votesmart.org/candidate/102438/daniel-meuser
416,PA,Senate,Democrat,Senior,Bob Casey Jr.,https://votesmart.org/candidate/2541/bob-casey-jr
417,PA,Senate,Republican,Junior,Pat Toomey,https://votesmart.org/candidate/24096/pat-toomey
418,PR,House,Democrat,,Jenniffer Gonzalez-Colon,https://votesmart.org/candidate/47514/jenniffer-gonzalez-colon
419,RI,House,Democrat,District 1,David Cicilline,https://votesmart.org/candidate/7349/david-cicilline
420,RI,House,Democrat,District 2,Jim Langevin,https://votesmart.org/candidate/55787/jim-langevin
421,RI,Senate,Democrat,Junior,Sheldon Whitehouse,https://votesmart.org/candidate/2572/sheldon-whitehouse
422,RI,Senate,Democrat,Senior,Jack Reed,https://votesmart.org/candidate/27060/jack-reed
423,SC,House,Democrat,District 1,Joe Cunningham,https://votesmart.org/candidate/179601/joe-cunningham
424,SC,House,Democrat,District 6,Jim Clyburn,https://votesmart.org/candidate/27066/jim-clyburn
425,SC,House,Republican,District 2,Joe Wilson Sr.,https://votesmart.org/candidate/3985/joe-wilson-sr
426,SC,House,Republican,District 3,Jeff Duncan,https://votesmart.org/candidate/47967/jeff-duncan
427,SC,House,Republican,District 4,William Timmons,https://votesmart.org/candidate/168923/william-timmons
428,SC,House,Republican,District 5,Ralph Norman Jr.,https://votesmart.org/candidate/47930/ralph-norman-jr
429,SC,House,Republican,District 7,Tom Rice,https://votesmart.org/candidate/132382/tom-rice
430,SC,Senate,Republican,Junior,Tim Scott,https://votesmart.org/candidate/11940/tim-scott
431,SC,Senate,Republican,Senior,Lindsey Graham,https://votesmart.org/candidate/21992/lindsey-graham
432,SD,House,Republican,At-Large,Dusty Johnson,https://votesmart.org/candidate/48307/dusty-johnson
433,SD,Senate,Republican,Junior,Mike Rounds,https://votesmart.org/candidate/7455/mike-rounds
434,SD,Senate,Republican,Senior,John Thune,https://votesmart.org/candidate/398/john-thune
435,TN,House,Democrat,District 5,Jim Cooper,https://votesmart.org/candidate/48891/jim-cooper
436,TN,House,Democrat,District 9,Steve Cohen,https://votesmart.org/candidate/24340/steve-cohen
437,TN,House,Republican,District 1,Phil Roe,https://votesmart.org/candidate/65306/phil-roe
438,TN,House,Republican,District 2,Tim Burchett,https://votesmart.org/candidate/24379/tim-burchett
439,TN,House,Republican,District 3,Chuck Fleischmann,https://votesmart.org/candidate/123456/chuck-fleischmann
440,TN,House,Republican,District 4,Scott DesJarlais,https://votesmart.org/candidate/123473/scott-desjarlais
441,TN,House,Republican,District 6,John Rose,https://votesmart.org/candidate/180452/john-rose
442,TN,House,Republican,District 7,Mark Green,https://votesmart.org/candidate/139030/mark-green
443,TN,House,Republican,District 8,David Kustoff,https://votesmart.org/candidate/48997/david-kustoff
444,TN,Senate,Republican,Junior,Marsha Blackburn,https://votesmart.org/candidate/25186/marsha-blackburn
445,TN,Senate,Republican,Senior,Lamar Alexander,https://votesmart.org/candidate/15691/lamar-alexander
446,TX,House,Democrat,District 15,Vicente Gonzalez,https://votesmart.org/candidate/166483/vicente-gonzalez
447,TX,House,Democrat,District 16,Veronica Escobar,https://votesmart.org/candidate/99345/veronica-escobar
448,TX,House,Democrat,District 18,Sheila Jackson Lee,https://votesmart.org/candidate/21692/sheila-jackson-lee
449,TX,House,Democrat,District 20,Joaquin Castro,https://votesmart.org/candidate/49227/joaquin-castro
450,TX,House,Democrat,District 28,Henry Cuellar,https://votesmart.org/candidate/5486/henry-cuellar
451,TX,House,Democrat,District 29,Sylvia Garcia,https://votesmart.org/candidate/49734/sylvia-garcia
452,TX,House,Democrat,District 30,Eddie Johnson,https://votesmart.org/candidate/27098/eddie-johnson
453,TX,House,Democrat,District 32,Colin Allred,https://votesmart.org/candidate/177357/colin-allred
454,TX,House,Democrat,District 33,Marc Veasey,https://votesmart.org/candidate/49671/marc-veasey
455,TX,House,Democrat,District 34,Filemon Vela Jr.,https://votesmart.org/candidate/137719/filemon-vela-jr
456,TX,House,Democrat,District 35,Lloyd Doggett II,https://votesmart.org/candidate/21689/lloyd-doggett-ii
457,TX,House,Democrat,District 7,Lizzie Fletcher,https://votesmart.org/candidate/177031/lizzie-fletcher
458,TX,House,Democrat,District 9,Al Green,https://votesmart.org/candidate/49680/al-green
459,TX,House,Republican,District 1,Louie Gohmert,https://votesmart.org/candidate/50029/louie-gohmert
460,TX,House,Republican,District 10,Michael McCaul,https://votesmart.org/candidate/49210/michael-mccaul
461,TX,House,Republican,District 11,Mike Conaway,https://votesmart.org/candidate/49935/mike-conaway
462,TX,House,Republican,District 12,Kay Granger,https://votesmart.org/candidate/334/kay-granger
463,TX,House,Republican,District 13,Mac Thornberry,https://votesmart.org/candidate/21706/mac-thornberry
464,TX,House,Republican,District 14,Randy Weber Sr.,https://votesmart.org/candidate/102026/randy-weber-sr
465,TX,House,Republican,District 17,Bill Flores,https://votesmart.org/candidate/116906/bill-flores
466,TX,House,Republican,District 19,Jodey Arrington,https://votesmart.org/candidate/155685/jodey-arrington
467,TX,House,Republican,District 2,Dan Crenshaw,https://votesmart.org/candidate/177270/dan-crenshaw
468,TX,House,Republican,District 21,Chip Roy,https://votesmart.org/candidate/177319/chip-roy
469,TX,House,Republican,District 22,Pete Olson,https://votesmart.org/candidate/102008/pete-olson
470,TX,House,Republican,District 23,Will Hurd,https://votesmart.org/candidate/116911/will-hurd
471,TX,House,Republican,District 24,Kenny Marchant,https://votesmart.org/candidate/5549/kenny-marchant
472,TX,House,Republican,District 25,Roger Williams,https://votesmart.org/candidate/50112/roger-williams
473,TX,House,Republican,District 26,Michael Burgess,https://votesmart.org/candidate/50120/michael-burgess
474,TX,House,Republican,District 27,Michael Cloud,https://votesmart.org/candidate/177350/michael-cloud
475,TX,House,Republican,District 3,Van Taylor,https://votesmart.org/candidate/147737/van-taylor
476,TX,House,Republican,District 31,John Carter,https://votesmart.org/candidate/49296/john-carter
477,TX,House,Republican,District 36,Brian Babin,https://votesmart.org/candidate/360/brian-babin
478,TX,House,Republican,District 4,John Ratcliffe,https://votesmart.org/candidate/147381/john-ratcliffe
479,TX,House,Republican,District 5,Lance Gooden,https://votesmart.org/candidate/116935/lance-gooden
480,TX,House,Republican,District 6,Ron Wright,https://votesmart.org/candidate/78666/ron-wright
481,TX,House,Republican,District 8,Kevin Brady,https://votesmart.org/candidate/361/kevin-brady
482,TX,Senate,Republican,Junior,Ted Cruz,https://votesmart.org/candidate/135705/ted-cruz
483,TX,Senate,Republican,Senior,John Cornyn,https://votesmart.org/candidate/15375/john-cornyn
484,UT,House,Democrat,District 4,Ben McAdams,https://votesmart.org/candidate/117512/ben-mcadams
485,UT,House,Republican,District 1,Rob Bishop,https://votesmart.org/candidate/50544/rob-bishop
486,UT,House,Republican,District 2,Chris Stewart,https://votesmart.org/candidate/135930/chris-stewart
487,UT,House,Republican,District 3,John Curtis,https://votesmart.org/candidate/123390/john-curtis
488,UT,Senate,Republican,Junior,Mitt Romney,https://votesmart.org/candidate/21942/mitt-romney
489,UT,Senate,Republican,Senior,Mike Lee,https://votesmart.org/candidate/66395/mike-lee
490,VA,House,Democrat,District 10,Jennifer Wexton,https://votesmart.org/candidate/147013/jennifer-wexton
491,VA,House,Democrat,District 11,Gerry Connolly,https://votesmart.org/candidate/95078/gerry-connolly
492,VA,House,Democrat,District 2,Elaine Luria,https://votesmart.org/candidate/179677/elaine-luria
493,VA,House,Democrat,District 3,Bobby Scott,https://votesmart.org/candidate/27117/bobby-scott
494,VA,House,Democrat,District 4,Donald McEachin,https://votesmart.org/candidate/8230/donald-mceachin
495,VA,House,Democrat,District 7,Abigail Spanberger,https://votesmart.org/candidate/179682/abigail-spanberger
496,VA,House,Democrat,District 8,Don Beyer Jr.,https://votesmart.org/candidate/1707/don-beyer-jr
497,VA,House,Republican,District 1,Rob Wittman,https://votesmart.org/candidate/58133/rob-wittman
498,VA,House,Republican,District 5,Denver Riggleman III,https://votesmart.org/candidate/181445/denver-riggleman-iii
499,VA,House,Republican,District 6,Ben Cline,https://votesmart.org/candidate/50959/ben-cline
500,VA,House,Republican,District 9,Morgan Griffith,https://votesmart.org/candidate/5148/morgan-griffith
501,VA,Senate,Democrat,Junior,Tim Kaine,https://votesmart.org/candidate/50772/tim-kaine
502,VA,Senate,Democrat,Senior,Mark Warner,https://votesmart.org/candidate/535/mark-warner
503,VI,House,Democrat,At-Large,Stacey Plaskett,https://votesmart.org/candidate/155929/stacey-plaskett
504,VT,House,Democrat,At-Large,Peter Welch,https://votesmart.org/candidate/51272/peter-welch
505,VT,Senate,Democrat,Senior,Patrick Leahy,https://votesmart.org/candidate/53353/patrick-leahy
506,VT,Senate,Independent,Junior,Bernie Sanders,https://votesmart.org/candidate/27110/bernie-sanders
507,WA,House,Democrat,District 1,Suzan DelBene,https://votesmart.org/candidate/126272/suzan-delbene
508,WA,House,Democrat,District 10,Denny Heck,https://votesmart.org/candidate/126058/denny-heck
509,WA,House,Democrat,District 2,Rick Larsen,https://votesmart.org/candidate/56231/rick-larsen
510,WA,House,Democrat,District 6,Derek Kilmer,https://votesmart.org/candidate/51516/derek-kilmer
511,WA,House,Democrat,District 7,Pramila Jayapal,https://votesmart.org/candidate/153141/pramila-jayapal
512,WA,House,Democrat,District 8,Kim Schrier,https://votesmart.org/candidate/181124/kim-schrier
513,WA,House,Democrat,District 9,Adam Smith,https://votesmart.org/candidate/845/adam-smith
514,WA,House,Republican,District 3,Jaime Herrera Beutler,https://votesmart.org/candidate/101907/jaime-herrera-beutler
515,WA,House,Republican,District 4,Dan Newhouse,https://votesmart.org/candidate/51522/dan-newhouse
516,WA,House,Republican,District 5,Cathy McMorris Rodgers,https://votesmart.org/candidate/3217/cathy-mcmorris-rodgers
517,WA,Senate,Democrat,Junior,Maria Cantwell,https://votesmart.org/candidate/27122/maria-cantwell
518,WA,Senate,Democrat,Senior,Patty Murray,https://votesmart.org/candidate/53358/patty-murray
519,WI,House,Democrat,District 2,Mark Pocan,https://votesmart.org/candidate/26238/mark-pocan
520,WI,House,Democrat,District 3,Ron Kind,https://votesmart.org/candidate/630/ron-kind
521,WI,House,Democrat,District 4,Gwen Moore,https://votesmart.org/candidate/3457/gwen-moore
522,WI,House,Republican,District 1,Bryan Steil,https://votesmart.org/candidate/181289/bryan-steil
523,WI,House,Republican,District 5,Jim Sensenbrenner Jr.,https://votesmart.org/candidate/27142/jim-sensenbrenner-jr
524,WI,House,Republican,District 6,Glenn Grothman,https://votesmart.org/candidate/3493/glenn-grothman
525,WI,House,Republican,District 8,Mike Gallagher,https://votesmart.org/candidate/171843/mike-gallagher
526,WI,Senate,Democrat,Junior,Tammy Baldwin,https://votesmart.org/candidate/3470/tammy-baldwin
527,WI,Senate,Republican,Senior,Ron Johnson,https://votesmart.org/candidate/126217/ron-johnson
528,WV,House,Republican,District 1,David McKinley,https://votesmart.org/candidate/117396/david-mckinley
529,WV,House,Republican,District 2,Alex Mooney,https://votesmart.org/candidate/145943/alex-mooney
530,WV,House,Republican,District 3,Carol Miller,https://votesmart.org/candidate/52123/carol-miller
531,WV,Senate,Democrat,Senior,Joe Manchin III,https://votesmart.org/candidate/7547/joe-manchin-iii
532,WV,Senate,Republican,Junior,Shelley Capito,https://votesmart.org/candidate/11701/shelley-capito
533,WY,House,Republican,At-Large,Liz Cheney,https://votesmart.org/candidate/171319/liz-cheney
534,WY,Senate,Republican,Junior,John Barrasso,https://votesmart.org/candidate/52662/john-barrasso
535,WY,Senate,Republican,Senior,Mike Enzi,https://votesmart.org/candidate/558/mike-enzi
